{
  "logreg": {
    "accuracy": 0.9946305591222131,
    "precision": 0.9575645756457565,
    "recall": 0.9575645756457565,
    "f1": 0.9575645756457565,
    "roc_auc": 0.9994721293007323
  },
  "random_forest": {
    "accuracy": 0.9908952959028832,
    "precision": 0.9202898550724637,
    "recall": 0.9372693726937269,
    "f1": 0.9287020109689214,
    "roc_auc": 0.9986922785115702
  },
  "xgboost": {
    "accuracy": 0.9982490953659391,
    "precision": 0.9925233644859813,
    "recall": 0.9797047970479705,
    "f1": 0.9860724233983287,
    "roc_auc": 0.9998425124438161
  },
  "mlp": {
    "accuracy": 0.9946305591222131,
    "precision": 0.9679245283018868,
    "recall": 0.9464944649446494,
    "f1": 0.957089552238806,
    "roc_auc": 0.9976565391822143
  },
  "lightgbm": {
    "accuracy": 0.9982490953659391,
    "precision": 0.9962335216572504,
    "recall": 0.9760147601476015,
    "f1": 0.9860205032618826,
    "roc_auc": 0.9997488245910496
  }
}